type,nickname,rewards,balance,account_number
jcb,ngonzales0,$4.37,$2.35,16243874
switch,lwhite1,$0.38,$2.07,64236302
jcb,mmccoy2,$6.32,$7.45,80335658
instapayment,agarza3,$0.96,$9.12,68474386
jcb,dblack4,$4.11,$3.62,96627501
jcb,clane5,$7.19,$6.36,44597687
jcb,mharper6,$5.04,$2.89,58211237
china-unionpay,agreene7,$9.95,$5.94,41781191
bankcard,drose8,$7.76,$0.68,87255531
diners-club-enroute,ngarza9,$6.22,$9.87,64811977
diners-club-carte-blanche,bgraya,$7.35,$6.82,14214264
jcb,msnyderb,$8.34,$6.56,47923983
switch,rhowardc,$6.05,$1.47,17683146
jcb,mmillerd,$2.00,$1.21,8291379
switch,dwoodse,$3.20,$6.09,75718819
mastercard,jcrawfordf,$5.09,$3.42,42220585
maestro,khallg,$7.83,$4.99,72462176
maestro,tsanchezh,$6.76,$1.89,7908512
americanexpress,sadamsi,$5.17,$9.73,84889014
americanexpress,shuntj,$7.60,$6.84,7635687
jcb,esmithk,$3.91,$8.66,61472225
mastercard,jmoralesl,$6.20,$2.90,64520994
jcb,aholmesm,$8.48,$9.31,51211346
mastercard,wsimsn,$7.30,$3.04,2714166
jcb,vschmidto,$5.77,$6.44,69950813
americanexpress,apetersp,$4.40,$6.94,43642379
jcb,jtuckerq,$1.05,$6.33,66651956
jcb,aromeror,$7.22,$2.42,10527908
mastercard,swatkinss,$7.53,$6.86,47864490
jcb,kwalkert,$8.11,$9.16,95724145
americanexpress,rgibsonu,$5.01,$7.01,6856682
jcb,cgordonv,$3.50,$4.15,32253550
jcb,wnguyenw,$1.40,$3.28,92512073
diners-club-carte-blanche,ipricex,$6.02,$3.09,69570678
china-unionpay,kthomasy,$3.13,$8.17,37900744
diners-club-enroute,jparkerz,$7.94,$1.02,42604800
china-unionpay,fthomas10,$2.40,$7.15,16433146
jcb,drichards11,$2.85,$1.06,1833025
diners-club-carte-blanche,pstephens12,$5.85,$2.17,81256578
jcb,rwallace13,$8.58,$9.72,96149768
jcb,jcole14,$6.80,$7.09,21522535
jcb,dmorrison15,$1.87,$8.25,68669732
mastercard,droberts16,$4.42,$3.79,72087
americanexpress,cstone17,$1.04,$7.47,83908385
jcb,mchavez18,$2.93,$6.13,14545590
maestro,smills19,$0.59,$1.43,18831676
solo,jboyd1a,$4.71,$3.88,15579373
jcb,cdunn1b,$0.00,$3.77,57799644
visa-electron,acarter1c,$0.31,$9.64,24978987
mastercard,ewillis1d,$7.54,$4.39,11838440
visa-electron,vbrown1e,$1.97,$6.05,14512092
jcb,rstevens1f,$3.61,$7.32,23363298
instapayment,clopez1g,$1.77,$6.66,40524404
diners-club-enroute,flewis1h,$8.72,$0.75,85510544
jcb,elong1i,$5.55,$4.22,64661714
maestro,prichardson1j,$3.67,$3.95,74842642
jcb,wwilson1k,$6.25,$5.72,43889412
diners-club-enroute,framos1l,$6.29,$5.05,45490053
jcb,mlewis1m,$4.44,$1.09,62066007
china-unionpay,awillis1n,$6.23,$8.64,47391840
jcb,bsmith1o,$6.87,$0.85,1502025
americanexpress,spayne1p,$1.71,$3.89,40467439
jcb,lnichols1q,$5.95,$6.32,84184014
maestro,rdixon1r,$8.16,$7.13,36479310
visa-electron,apalmer1s,$3.63,$7.85,17588815
bankcard,djacobs1t,$6.18,$7.60,1439164
laser,jmedina1u,$3.38,$8.33,3993006
maestro,bsullivan1v,$4.45,$4.20,27758225
jcb,acunningham1w,$2.56,$3.96,11662763
jcb,dhart1x,$8.03,$6.21,91617486
jcb,sscott1y,$3.51,$6.93,64573174
jcb,awilliams1z,$4.85,$4.87,27662902
jcb,skelley20,$4.43,$2.24,61112758
jcb,rkim21,$9.89,$9.93,71823645
jcb,dwells22,$0.00,$3.09,16477511
jcb,ediaz23,$1.43,$7.65,4429021
laser,jharper24,$9.34,$3.07,10069504
diners-club-enroute,jprice25,$9.00,$2.97,84181510
maestro,sclark26,$9.46,$7.15,95761695
bankcard,tarmstrong27,$0.55,$9.29,8232996
mastercard,smorrison28,$9.34,$5.25,68825303
visa,dpalmer29,$4.66,$3.70,72224350
bankcard,ghernandez2a,$0.11,$0.65,87111538
jcb,lgraham2b,$0.28,$8.07,63272420
jcb,aortiz2c,$5.43,$8.85,46214984
jcb,vbryant2d,$2.20,$4.34,89191462
jcb,jmedina2e,$0.90,$1.55,51927338
bankcard,fwilson2f,$0.02,$3.04,2069580
bankcard,jrodriguez2g,$9.70,$3.40,90717487
bankcard,swatkins2h,$0.11,$9.10,6245697
jcb,wyoung2i,$9.04,$8.34,14133064
americanexpress,mcunningham2j,$2.01,$8.13,84462589
jcb,ewilson2k,$8.65,$5.36,64931506
diners-club-enroute,khart2l,$2.22,$4.32,25510590
jcb,jallen2m,$1.37,$7.30,70190603
diners-club-enroute,cellis2n,$0.46,$4.04,95325242
bankcard,kwagner2o,$5.27,$5.82,94043368
jcb,jpayne2p,$6.46,$3.75,30152696
maestro,sgreene2q,$1.76,$0.45,23089924
mastercard,bthompson2r,$2.69,$6.35,22686337
jcb,jharvey2s,$7.57,$4.53,45518471
jcb,jhart2t,$5.30,$8.70,98812692
diners-club-enroute,dreynolds2u,$4.33,$8.72,43344984
jcb,rtucker2v,$9.12,$1.57,13605915
jcb,shudson2w,$5.28,$8.26,31925286
jcb,rgeorge2x,$7.21,$6.97,37101591
jcb,dwhite2y,$9.22,$6.22,74501686
jcb,jalvarez2z,$3.24,$6.71,50374900
bankcard,tlane30,$9.59,$4.89,88430658
mastercard,jford31,$9.09,$4.56,83100454
americanexpress,jgreen32,$5.05,$9.26,12031504
jcb,jgibson33,$1.28,$5.88,95558866
jcb,athompson34,$2.96,$5.71,71674974
jcb,sflores35,$5.58,$6.46,42038904
jcb,mmoreno36,$4.35,$5.35,53666157
china-unionpay,eruiz37,$5.39,$5.53,28569416
maestro,cgibson38,$0.56,$8.96,34701779
jcb,mgrant39,$1.65,$3.51,6032068
jcb,pgarza3a,$0.62,$2.93,32609919
china-unionpay,dmiller3b,$8.90,$5.72,1180233
mastercard,hgreene3c,$8.16,$3.55,35514469
americanexpress,kwells3d,$5.17,$4.18,68672212
mastercard,rburton3e,$0.66,$3.64,91582780
jcb,lroberts3f,$4.55,$9.94,46144485
jcb,sgarcia3g,$4.84,$2.12,99177385
jcb,bgarrett3h,$6.25,$9.42,58728417
diners-club-us-ca,asnyder3i,$6.99,$4.57,21039872
jcb,ewoods3j,$4.27,$0.52,2833007
jcb,rray3k,$9.79,$8.67,36922068
jcb,lmeyer3l,$2.37,$1.46,99447231
switch,wtorres3m,$5.43,$8.47,30999301
mastercard,dhudson3n,$9.10,$6.52,55226949
diners-club-carte-blanche,cyoung3o,$2.12,$1.55,43170317
maestro,rstephens3p,$5.88,$0.77,4966271
visa,jbennett3q,$7.46,$9.55,47510980
jcb,cfernandez3r,$2.19,$3.89,84551260
jcb,sduncan3s,$9.41,$9.85,84326370
visa,nlong3t,$0.76,$9.04,90170298
jcb,rboyd3u,$1.64,$3.73,52176829
jcb,bturner3v,$4.37,$4.47,8708526
mastercard,ekennedy3w,$4.24,$1.58,30588225
switch,sgomez3x,$6.41,$0.57,84473493
maestro,jhill3y,$7.45,$9.60,71515813
mastercard,rcarter3z,$4.63,$8.60,655085
americanexpress,jalexander40,$5.71,$7.63,52763216
jcb,mpeterson41,$2.61,$4.51,21033098
americanexpress,arobertson42,$9.66,$3.08,34295360
jcb,rparker43,$7.80,$1.48,85160322
switch,cryan44,$5.70,$1.86,29597660
jcb,slewis45,$9.70,$3.22,4216823
diners-club-enroute,aknight46,$0.62,$5.67,50031799
diners-club-carte-blanche,cchavez47,$1.48,$6.62,86924287
jcb,scarr48,$4.38,$9.28,45800458
americanexpress,jrose49,$0.64,$8.23,2359986
diners-club-us-ca,msimpson4a,$4.89,$0.01,67990973
mastercard,wwebb4b,$3.45,$5.21,55263471
maestro,sgonzales4c,$8.86,$1.64,29490264
jcb,mmorrison4d,$5.66,$4.68,75587480
diners-club-carte-blanche,mellis4e,$4.56,$9.23,66204775
switch,jross4f,$0.30,$6.74,50673482
jcb,bhamilton4g,$3.60,$5.42,47815155
jcb,cray4h,$0.03,$2.65,10974308
diners-club-carte-blanche,pfox4i,$4.13,$3.84,44188922
maestro,mweaver4j,$1.86,$3.24,76569783
jcb,rcunningham4k,$3.22,$3.63,91744433
diners-club-enroute,droberts4l,$9.57,$0.16,72745406
bankcard,ckelly4m,$7.91,$3.09,54301493
jcb,dweaver4n,$8.39,$5.05,39606473
jcb,dchapman4o,$6.85,$0.41,20494935
jcb,eflores4p,$1.48,$6.57,82738835
mastercard,jgonzalez4q,$6.13,$6.40,56395591
instapayment,acunningham4r,$9.70,$5.78,82548430
mastercard,jcollins4s,$9.25,$5.33,52457888
china-unionpay,thart4t,$1.65,$3.10,56758313
maestro,fruiz4u,$2.76,$8.28,50369160
mastercard,llewis4v,$7.44,$3.54,19616667
maestro,showell4w,$6.95,$2.00,69469955
jcb,acarroll4x,$2.05,$5.53,60742422
jcb,dvasquez4y,$0.72,$2.17,67423219
visa-electron,jlittle4z,$8.53,$7.45,7475944
laser,smorris50,$7.64,$3.60,96288855
diners-club-international,isanchez51,$6.45,$9.15,1595836
china-unionpay,emendoza52,$1.75,$0.52,12123061
jcb,snguyen53,$7.85,$9.01,49293766
visa-electron,ppowell54,$6.48,$3.22,79481314
maestro,glarson55,$0.10,$5.72,26610897
jcb,pjames56,$2.79,$2.40,70548264
jcb,hrice57,$0.96,$8.08,44437928
jcb,jgordon58,$6.77,$1.31,33519312
bankcard,cwallace59,$8.54,$6.46,80508845
switch,prose5a,$6.94,$8.51,76094741
china-unionpay,dcox5b,$7.65,$4.10,75895514
bankcard,greed5c,$5.40,$9.94,97248363
jcb,tnichols5d,$9.75,$9.89,27961938
jcb,jgordon5e,$3.28,$6.23,18509899
jcb,jpeterson5f,$4.45,$6.57,34593179
switch,mevans5g,$1.22,$1.76,91213116
jcb,scooper5h,$8.95,$0.14,69477836
diners-club-carte-blanche,cdiaz5i,$8.65,$2.99,67035689
mastercard,jreid5j,$4.37,$8.48,49229765
jcb,jwheeler5k,$0.65,$1.35,80115301
jcb,nandrews5l,$6.47,$8.01,54798325
maestro,psims5m,$5.84,$7.70,254642
jcb,ndiaz5n,$2.08,$1.32,66102719
maestro,djenkins5o,$3.73,$2.24,13790478
china-unionpay,solson5p,$7.31,$3.06,87033606
mastercard,lhenderson5q,$5.17,$3.31,84293420
mastercard,sgordon5r,$2.70,$6.41,17655113
china-unionpay,rolson5s,$7.80,$7.29,83261929
jcb,sclark5t,$7.81,$7.68,75784545
jcb,tanderson5u,$8.76,$9.64,33769750
jcb,ktorres5v,$7.13,$3.92,12817454
jcb,mfernandez5w,$10.00,$6.15,44153582
jcb,rhamilton5x,$6.25,$0.32,40018107
diners-club-carte-blanche,kmcdonald5y,$3.03,$1.27,1079137
jcb,wgilbert5z,$7.11,$8.76,1075406
mastercard,sbell60,$0.03,$0.65,72055236
jcb,frobinson61,$2.48,$1.13,74766132
jcb,rford62,$7.40,$7.06,26736518
maestro,tmorris63,$3.94,$3.58,25188726
jcb,sdunn64,$9.56,$9.65,47475439
jcb,mperry65,$1.47,$3.37,86452058
jcb,pnichols66,$7.58,$2.83,61302613
jcb,vgilbert67,$5.35,$0.32,11789950
americanexpress,kbrown68,$3.07,$9.12,32113990
instapayment,mwashington69,$1.29,$3.96,80379746
americanexpress,mclark6a,$2.92,$2.01,74323927
jcb,dwest6b,$7.95,$3.37,7347576
maestro,dadams6c,$1.98,$8.53,11758334
solo,mwilliamson6d,$3.72,$3.61,24305041
visa-electron,kcruz6e,$5.14,$8.43,58536891
bankcard,rtorres6f,$1.73,$4.07,67303335
mastercard,spalmer6g,$2.42,$1.67,84354482
laser,kmartin6h,$1.81,$2.57,12606041
jcb,rwells6i,$7.25,$3.94,48555271
maestro,sshaw6j,$0.00,$0.13,58699705
jcb,ehenderson6k,$5.37,$8.87,22409620
jcb,jgriffin6l,$3.53,$8.12,3099849
maestro,smeyer6m,$7.02,$3.97,96690512
jcb,bburton6n,$9.06,$0.98,54768253
laser,lbowman6o,$6.92,$5.99,53693821
maestro,klane6p,$5.31,$7.25,93614515
jcb,bmurphy6q,$9.04,$4.96,21518240
maestro,dgibson6r,$1.62,$3.83,94534204
diners-club-carte-blanche,csanders6s,$1.86,$9.73,32968158
switch,wmcdonald6t,$6.15,$1.31,41314487
americanexpress,jclark6u,$8.20,$4.48,45639440
diners-club-us-ca,khart6v,$5.51,$9.66,38891733
maestro,bcole6w,$9.31,$9.96,24614096
maestro,schavez6x,$1.82,$9.14,15671365
visa-electron,jlarson6y,$1.82,$4.03,65641235
jcb,bbradley6z,$0.61,$5.66,11414042
instapayment,arichardson70,$2.26,$2.49,73698193
maestro,gwilliams71,$2.99,$4.73,57448493
mastercard,ahicks72,$9.68,$6.21,62648510
jcb,amarshall73,$8.28,$7.54,69843245
jcb,rmurphy74,$3.51,$0.90,16209443
mastercard,jholmes75,$1.52,$1.87,70416598
visa,kscott76,$3.20,$5.45,88625831
jcb,sstone77,$2.74,$1.08,89851040
jcb,jpeters78,$3.16,$5.25,82904667
jcb,shenry79,$6.36,$6.54,35650909
jcb,cstephens7a,$5.68,$1.54,85013032
jcb,awheeler7b,$6.84,$9.85,67891704
jcb,fwebb7c,$0.77,$8.27,32781513
maestro,lhowell7d,$9.20,$3.65,16555135
bankcard,mgilbert7e,$6.06,$4.04,93772095
mastercard,ssanders7f,$2.12,$7.36,4818648
mastercard,koliver7g,$0.43,$4.28,51127684
jcb,awelch7h,$1.00,$5.31,27211049
jcb,sgarza7i,$0.37,$1.56,87439777
laser,promero7j,$9.56,$0.48,29103731
jcb,srice7k,$4.89,$1.01,92275006
instapayment,lwatkins7l,$6.47,$1.68,32516804
visa,cperkins7m,$0.79,$6.58,83431571
china-unionpay,jboyd7n,$6.64,$8.26,35717117
china-unionpay,sfowler7o,$2.37,$7.51,84182653
jcb,emyers7p,$1.61,$3.87,36573290
jcb,chall7q,$1.26,$0.64,48128405
jcb,dharvey7r,$2.32,$5.46,25730353
visa-electron,rcoleman7s,$4.29,$0.54,52335936
mastercard,rmartinez7t,$3.12,$0.70,71773787
jcb,apeters7u,$1.44,$2.97,12884537
jcb,jmurphy7v,$6.96,$5.67,89942412
mastercard,apeters7w,$7.97,$0.83,76175088
maestro,jfrazier7x,$3.04,$3.11,1754121
bankcard,kgreene7y,$9.43,$3.44,22665377
jcb,pgutierrez7z,$9.36,$0.37,77888087
jcb,pwells80,$3.77,$0.44,24214107
diners-club-carte-blanche,fvasquez81,$9.37,$8.91,61823942
jcb,ejacobs82,$7.16,$8.22,91116912
diners-club-enroute,jwheeler83,$5.23,$8.97,17931561
jcb,jhernandez84,$0.73,$9.36,58093727
jcb,mbell85,$0.05,$7.55,92453553
bankcard,jwood86,$0.90,$6.39,70503691
diners-club-us-ca,khowell87,$8.28,$8.02,12752567
laser,nsnyder88,$5.27,$8.86,76371179
visa,sporter89,$5.37,$8.49,54625926
visa-electron,dbaker8a,$7.27,$1.24,26083131
jcb,tgriffin8b,$3.44,$4.21,75563586
jcb,cberry8c,$3.86,$8.87,64233506
americanexpress,lsanders8d,$7.41,$1.64,76510245
bankcard,bdiaz8e,$7.39,$3.93,71937536
jcb,dcarroll8f,$4.30,$8.18,80139207
jcb,jmitchell8g,$3.07,$3.40,93128036
jcb,bhansen8h,$4.17,$8.35,57120964
diners-club-enroute,jbutler8i,$5.99,$8.21,81555029
mastercard,mharvey8j,$1.95,$8.34,37794934
jcb,amurray8k,$5.35,$7.16,59967642
diners-club-carte-blanche,sburke8l,$2.72,$9.80,32659210
switch,ckelly8m,$3.97,$4.54,28846630
diners-club-us-ca,nwheeler8n,$3.42,$1.86,38646289
jcb,jcooper8o,$1.56,$3.31,51837823
jcb,lwoods8p,$1.45,$4.11,63636088
jcb,rperry8q,$8.26,$8.48,57399212
jcb,pgarrett8r,$1.61,$2.07,12414367
china-unionpay,dmontgomery8s,$7.62,$2.82,54280084
jcb,jperkins8t,$8.67,$0.36,95505679
mastercard,lduncan8u,$3.48,$4.47,36162674
jcb,bgraham8v,$1.12,$2.25,67115572
americanexpress,dbryant8w,$7.27,$5.97,57052146
americanexpress,rday8x,$0.39,$8.03,48837845
americanexpress,afrazier8y,$5.46,$8.43,35871046
laser,skim8z,$7.19,$7.94,461447
jcb,hhenry90,$3.95,$5.08,72334545
china-unionpay,cwoods91,$1.18,$2.84,57018140
americanexpress,mtucker92,$2.07,$4.15,26780220
mastercard,ckim93,$3.88,$4.63,91057497
jcb,mbaker94,$8.02,$7.79,90790088
jcb,snelson95,$4.70,$6.05,26779113
switch,lrichardson96,$7.37,$6.42,5377414
jcb,dferguson97,$7.70,$9.98,13291825
diners-club-carte-blanche,towens98,$8.32,$4.50,88885119
maestro,rruiz99,$6.14,$7.26,36551936
jcb,ldixon9a,$4.61,$1.82,23505886
americanexpress,sstevens9b,$5.59,$9.78,18825827
jcb,kmccoy9c,$8.39,$0.25,82791230
americanexpress,koliver9d,$4.53,$5.23,24365674
solo,mhunt9e,$6.12,$6.16,38763319
maestro,swelch9f,$4.84,$2.56,93551572
instapayment,rgilbert9g,$9.98,$9.47,5025246
maestro,jwheeler9h,$9.34,$7.65,43653382
instapayment,bfox9i,$6.71,$0.84,14612867
jcb,jrose9j,$7.70,$6.55,58951079
jcb,sbrooks9k,$0.09,$3.93,6440293
jcb,jrivera9l,$1.15,$7.46,13260245
jcb,jrogers9m,$6.30,$7.41,10094866
bankcard,adean9n,$5.61,$8.06,90640183
jcb,aharrison9o,$8.85,$0.90,15601845
visa-electron,astevens9p,$9.06,$4.81,52440977
bankcard,rsanchez9q,$4.74,$1.13,90869039
americanexpress,mnichols9r,$6.24,$8.55,43372291
jcb,fgarza9s,$0.30,$6.43,6031961
jcb,calexander9t,$3.90,$5.63,34985646
mastercard,knguyen9u,$0.38,$1.34,50335751
switch,mmoreno9v,$9.05,$4.61,69957465
jcb,bturner9w,$9.47,$7.45,81984629
jcb,lturner9x,$9.68,$2.82,85782754
jcb,awelch9y,$5.23,$9.01,10636296
jcb,edean9z,$8.64,$8.28,48174794
jcb,spetersona0,$1.23,$3.91,23627934
jcb,plewisa1,$0.73,$2.83,12699033
visa-electron,fmurphya2,$7.53,$9.39,36102563
jcb,pthompsona3,$9.76,$8.44,62339494
jcb,sparkera4,$8.36,$6.22,24134302
switch,dhowarda5,$5.26,$3.08,18798128
jcb,sburkea6,$9.65,$8.11,49669422
diners-club-carte-blanche,kgibsona7,$7.99,$4.69,22906005
china-unionpay,jallena8,$2.57,$2.71,31544732
maestro,gyounga9,$9.65,$6.70,85823147
jcb,pellisaa,$4.69,$3.14,97322099
maestro,mbarnesab,$9.37,$5.27,73549516
jcb,jgrahamac,$7.92,$0.64,2462331
laser,swallacead,$3.34,$9.46,19534561
jcb,jfieldsae,$9.40,$8.53,95404580
americanexpress,jnicholsaf,$3.65,$4.34,7241254
jcb,mjohnsonag,$9.36,$8.93,18497848
jcb,bmillerah,$3.06,$4.93,18847830
americanexpress,abowmanai,$7.44,$7.26,45432633
jcb,nandersonaj,$4.55,$9.79,55951656
jcb,awalkerak,$5.53,$8.22,31207405
solo,drogersal,$1.87,$3.58,85374141
americanexpress,djohnsonam,$3.47,$4.91,22002054
visa-electron,jsandersan,$5.20,$2.21,9517303
switch,ahunterao,$0.90,$2.67,27936823
maestro,lruizap,$4.27,$6.86,15507005
mastercard,noliveraq,$7.33,$6.48,9882766
jcb,aharperar,$7.05,$7.47,63754585
diners-club-enroute,lbowmanas,$5.49,$2.14,33713942
laser,rwoodsat,$6.88,$1.86,44312070
switch,swilliamsau,$8.81,$1.93,89128000
americanexpress,rgrahamav,$4.18,$2.03,27902425
visa-electron,jwrightaw,$8.77,$2.28,89097043
jcb,dhawkinsax,$9.95,$5.64,56584369
mastercard,mmorganay,$7.51,$8.27,58461791
jcb,hmorganaz,$8.00,$2.76,20215300
maestro,wpierceb0,$2.40,$1.26,55818437
diners-club-carte-blanche,vhudsonb1,$4.55,$7.46,35690006
visa-electron,lmedinab2,$0.30,$3.31,73808615
diners-club-carte-blanche,rgomezb3,$1.61,$1.89,30607302
jcb,scoxb4,$4.28,$6.20,97090789
mastercard,jblackb5,$7.20,$3.39,2766911
jcb,mfieldsb6,$6.16,$2.66,75324029
diners-club-enroute,croseb7,$2.27,$9.47,75054445
visa,fperryb8,$7.34,$4.81,5218273
jcb,adiazb9,$1.86,$3.30,30731186
diners-club-carte-blanche,kriveraba,$1.00,$6.39,10266739
laser,jbanksbb,$1.45,$2.20,25200174
jcb,fwalkerbc,$4.68,$4.09,72484799
diners-club-enroute,sricebd,$4.28,$4.81,25338702
jcb,bmoorebe,$3.66,$7.88,34529694
visa,dmasonbf,$0.02,$5.69,99228496
switch,cbutlerbg,$5.06,$3.60,96644099
jcb,cstewartbh,$9.03,$5.14,91131656
mastercard,rharrisbi,$6.80,$6.32,39569810
maestro,csimsbj,$5.47,$4.05,68437812
laser,rdunnbk,$8.35,$0.13,18349231
visa,cgutierrezbl,$4.42,$0.89,31172225
switch,tsmithbm,$0.97,$8.32,21991055
maestro,kedwardsbn,$1.27,$1.50,27775032
jcb,acruzbo,$1.84,$8.29,71204937
americanexpress,sadamsbp,$4.48,$2.20,42180773
jcb,rmcdonaldbq,$1.76,$9.54,65156837
maestro,eperezbr,$9.81,$0.59,76708134
jcb,ltaylorbs,$6.24,$5.14,2865195
visa,dburkebt,$8.95,$9.27,51300413
diners-club-us-ca,rjacobsbu,$6.40,$8.82,43632312
jcb,elynchbv,$8.83,$5.30,88430021
visa-electron,cfieldsbw,$4.01,$8.62,30402757
visa-electron,tcooperbx,$7.12,$3.67,87630973
diners-club-enroute,jmeyerby,$9.81,$1.71,6113270
bankcard,mkingbz,$5.14,$6.69,64067807
jcb,nchapmanc0,$7.57,$6.13,3252219
jcb,lhansenc1,$6.05,$1.61,99093915
diners-club-enroute,egrantc2,$5.45,$0.04,94045908
jcb,gbennettc3,$7.63,$2.81,93941459
jcb,mfreemanc4,$1.82,$5.56,8984897
laser,aevansc5,$9.49,$1.21,52170680
maestro,jpetersonc6,$4.11,$6.39,65455841
laser,asanchezc7,$5.41,$2.60,257532
jcb,ahenryc8,$1.54,$6.65,47576266
jcb,jhallc9,$5.84,$5.64,61995459
switch,rmedinaca,$4.00,$4.29,44147394
jcb,aportercb,$9.67,$5.05,7639939
jcb,rburtoncc,$3.88,$7.09,56581411
instapayment,afullercd,$0.57,$2.47,86462745
jcb,mweaverce,$3.10,$1.01,19768046
diners-club-carte-blanche,jwoodcf,$5.11,$1.85,22286060
jcb,bhallcg,$2.37,$5.18,65448853
mastercard,rgonzalesch,$2.40,$6.81,52024671
jcb,kwallaceci,$0.89,$7.43,32188963
jcb,cparkercj,$5.66,$6.39,72052321
jcb,rcarrck,$4.22,$8.03,48694600
jcb,aarmstrongcl,$0.56,$2.51,83919966
visa-electron,asmithcm,$7.92,$7.49,88256367
jcb,khendersoncn,$0.12,$6.62,29202827
instapayment,rburkeco,$9.06,$4.75,57465215
jcb,rknightcp,$2.41,$0.15,13805736
china-unionpay,gmatthewscq,$1.25,$6.53,79671606
jcb,wkennedycr,$8.52,$0.27,3005317
jcb,ajordancs,$0.98,$8.75,6276714
mastercard,wgomezct,$5.38,$0.89,1922323
diners-club-enroute,rturnercu,$5.37,$2.01,18068912
jcb,ddanielscv,$5.16,$8.59,55134486
china-unionpay,palvarezcw,$8.03,$4.61,39942333
jcb,wsanchezcx,$4.09,$6.75,35896388
china-unionpay,vhuntcy,$9.87,$1.96,90493882
solo,rbishopcz,$5.12,$6.87,47871767
visa-electron,blawsond0,$3.09,$6.34,64481397
laser,eromerod1,$4.57,$8.12,48065704
jcb,mstevensd2,$7.09,$0.64,34021551
jcb,afloresd3,$0.91,$3.65,12800813
jcb,erayd4,$9.31,$6.89,16400224
diners-club-enroute,bsimsd5,$8.91,$0.83,90353890
visa-electron,jschmidtd6,$3.09,$9.11,10369940
visa-electron,cmasond7,$8.34,$4.95,99357236
switch,wsanchezd8,$0.78,$1.08,40492314
jcb,mwebbd9,$5.28,$6.43,90253745
diners-club-carte-blanche,rmurrayda,$6.88,$1.67,53815141
americanexpress,rcrawforddb,$2.68,$8.76,50558328
jcb,rramosdc,$0.78,$5.63,25439898
jcb,dreeddd,$4.84,$3.35,48277158
jcb,krobinsonde,$4.72,$6.32,82683835
maestro,bortizdf,$7.28,$9.14,67583194
jcb,jscottdg,$7.80,$4.02,24873311
jcb,wjenkinsdh,$7.37,$8.03,76132464
americanexpress,scarrolldi,$4.30,$2.63,77918036
bankcard,tlarsondj,$5.81,$0.78,60484657
diners-club-us-ca,kwilliamsondk,$8.48,$1.33,64667735
jcb,lellisdl,$7.98,$1.60,1484212
laser,phamiltondm,$6.83,$4.13,45584558
bankcard,wburkedn,$8.78,$8.52,86109332
jcb,aalvarezdo,$4.12,$1.72,27065702
jcb,kgonzalesdp,$6.41,$2.65,75104774
diners-club-international,phowarddq,$8.13,$2.53,49774944
bankcard,tgraydr,$5.36,$4.40,74004826
mastercard,wdixonds,$3.35,$2.78,8922620
jcb,jlewisdt,$9.42,$2.96,26299188
jcb,sbarnesdu,$5.18,$3.83,68628881
solo,kwillisdv,$7.87,$9.29,31345523
jcb,skingdw,$5.56,$5.94,31469140
mastercard,pallendx,$1.07,$4.40,54108741
diners-club-carte-blanche,sreiddy,$6.57,$0.68,7265701
jcb,cgonzalesdz,$1.65,$8.58,49081147
jcb,jreede0,$0.35,$7.03,35414546
jcb,solsone1,$0.98,$1.00,57726342
diners-club-us-ca,speterse2,$8.73,$2.07,99506404
laser,jwheelere3,$2.86,$3.09,28931139
jcb,cmorrise4,$8.91,$4.74,1487652
diners-club-enroute,rharte5,$2.92,$1.60,27869851
china-unionpay,rdavise6,$5.33,$6.13,1255802
jcb,tdixone7,$2.45,$1.14,87714693
diners-club-enroute,mmorrisone8,$5.66,$7.68,99940363
visa-electron,cknighte9,$8.73,$3.39,29523161
diners-club-enroute,shartea,$9.21,$5.60,12430576
jcb,sshaweb,$9.71,$1.16,65465367
mastercard,druizec,$5.23,$6.04,8527431
bankcard,mbelled,$6.38,$4.72,26190753
switch,lcarteree,$8.37,$9.33,21901037
mastercard,dduncanef,$4.72,$2.08,48303614
laser,tpattersoneg,$1.72,$6.29,92800737
jcb,hchapmaneh,$3.60,$4.91,37157823
diners-club-enroute,fmendozaei,$0.12,$0.66,69807910
jcb,efrazierej,$5.01,$9.47,28773416
switch,rgrahamek,$5.93,$0.52,64344923
jcb,taustinel,$6.28,$0.60,83208304
switch,cfisherem,$5.62,$4.92,28053930
jcb,blawsonen,$0.20,$3.64,37086714
maestro,jnguyeneo,$1.51,$6.84,3522410
jcb,rrichardsonep,$3.56,$9.85,87220317
jcb,lmartineq,$7.19,$0.14,93501008
jcb,golsoner,$7.33,$9.96,49527790
jcb,sgeorgees,$9.32,$8.86,53677087
mastercard,jyounget,$5.56,$8.43,42939045
maestro,brusselleu,$7.41,$5.38,31178350
switch,nfieldsev,$1.49,$0.51,39407930
jcb,hortizew,$5.45,$8.85,97329449
jcb,kleeex,$8.82,$0.91,91314156
americanexpress,jhawkinsey,$8.20,$9.11,125998
mastercard,mrileyez,$4.42,$3.28,95838479
americanexpress,jbennettf0,$3.47,$4.48,41610648
jcb,bknightf1,$6.60,$0.47,31896544
jcb,btuckerf2,$2.10,$4.74,48278148
visa-electron,hburtonf3,$0.44,$9.10,36657297
visa-electron,rpiercef4,$5.67,$4.09,1740756
jcb,jhowardf5,$8.18,$9.29,81195260
bankcard,tgrantf6,$7.99,$9.25,52204367
mastercard,swelchf7,$1.63,$7.78,71413685
switch,jalvarezf8,$5.92,$3.69,46542453
jcb,dlongf9,$3.75,$3.36,72431214
jcb,ebryantfa,$6.21,$1.60,76400147
switch,jrogersfb,$0.32,$6.92,77476724
jcb,fsanchezfc,$2.95,$5.05,34763190
diners-club-us-ca,kgomezfd,$0.21,$1.47,35945166
china-unionpay,ssmithfe,$5.15,$6.88,17617038
mastercard,nparkerff,$0.33,$5.18,34563634
jcb,revansfg,$5.23,$8.92,89236561
maestro,dholmesfh,$9.61,$7.22,84739198
china-unionpay,dfosterfi,$6.28,$3.17,63972938
jcb,fbanksfj,$8.28,$0.69,25594181
switch,rcrawfordfk,$7.50,$0.60,3741851
mastercard,chansonfl,$6.45,$8.30,81672301
china-unionpay,dbishopfm,$4.48,$7.39,58483539
mastercard,tberryfn,$5.05,$2.81,9889169
jcb,ktaylorfo,$6.33,$1.33,644809
americanexpress,dburkefp,$6.68,$6.20,29569900
jcb,ckelleyfq,$6.53,$5.59,73013594
instapayment,chunterfr,$1.67,$1.00,48647190
jcb,arodriguezfs,$6.65,$0.76,54568068
diners-club-carte-blanche,sjamesft,$3.11,$5.72,42674416
jcb,dwarrenfu,$8.29,$5.17,35924546
jcb,wwashingtonfv,$0.54,$7.27,24490492
diners-club-carte-blanche,cboydfw,$9.91,$0.45,44589554
instapayment,mlawsonfx,$6.84,$1.30,70527623
visa,jbarnesfy,$9.53,$7.53,70048234
diners-club-carte-blanche,lmarshallfz,$1.68,$2.76,45808787
laser,whowardg0,$0.16,$5.72,24912637
visa-electron,cbryantg1,$1.72,$7.97,70678533
jcb,rpalmerg2,$9.51,$3.08,95200949
maestro,mmyersg3,$2.28,$2.26,65470159
maestro,causting4,$0.02,$0.53,81254822
china-unionpay,achavezg5,$6.01,$6.27,30418227
jcb,jwardg6,$0.23,$1.86,8855844
jcb,gmoralesg7,$4.97,$5.50,63775444
switch,ngreeng8,$3.84,$1.08,63998562
laser,pfergusong9,$2.98,$9.76,6729470
jcb,jdiazga,$3.98,$3.59,41671581
mastercard,smorenogb,$8.65,$6.16,86244901
jcb,sfraziergc,$7.15,$0.22,32498237
instapayment,rwallacegd,$9.96,$2.83,99047860
jcb,cgrantge,$9.61,$5.75,43553996
visa,nsanchezgf,$6.57,$9.53,93626065
bankcard,ftaylorgg,$6.69,$8.25,30575678
jcb,ecolegh,$3.53,$0.74,85038597
jcb,lcolemangi,$2.85,$3.38,49847900
jcb,jschmidtgj,$5.22,$7.03,38609778
mastercard,dallengk,$6.42,$6.89,25808752
jcb,bpetersongl,$4.65,$3.49,24036421
jcb,dkimgm,$1.94,$6.18,59233270
jcb,jwoodsgn,$6.24,$4.44,12188714
mastercard,lmoorego,$0.35,$4.25,23949210
jcb,rgutierrezgp,$1.13,$1.31,66420503
jcb,awellsgq,$6.99,$0.42,19473108
mastercard,spetersgr,$4.27,$1.66,52813226
maestro,cbryantgs,$4.13,$5.29,77807006
mastercard,hhenrygt,$6.19,$1.42,86880079
americanexpress,awarrengu,$0.81,$3.64,61365539
bankcard,drobinsongv,$7.72,$0.20,96446151
jcb,cmedinagw,$6.20,$0.42,27696620
americanexpress,ecarrollgx,$6.96,$9.85,94554339
mastercard,eolivergy,$4.79,$5.98,76634926
bankcard,rmarshallgz,$8.89,$6.58,20625115
mastercard,jhansonh0,$3.14,$4.60,57975451
switch,jfrazierh1,$5.09,$8.03,57090405
maestro,jrichardsh2,$4.88,$1.71,47385546
visa,jbanksh3,$8.26,$2.26,93455185
jcb,rjenkinsh4,$0.61,$0.80,98741831
americanexpress,kmatthewsh5,$2.47,$8.84,60241530
bankcard,bhudsonh6,$3.98,$4.40,80050375
americanexpress,sblackh7,$9.37,$0.37,28353900
jcb,tfreemanh8,$8.28,$3.10,29516146
bankcard,jlopezh9,$8.57,$8.18,21812671
maestro,vgomezha,$5.90,$5.53,6015644
jcb,dreedhb,$6.69,$5.03,52291160
china-unionpay,calexanderhc,$4.94,$2.68,27735948
jcb,jmasonhd,$4.32,$9.97,98240233
instapayment,dreyeshe,$3.39,$2.02,58168871
jcb,thansenhf,$8.88,$3.95,37374697
jcb,dgreenehg,$5.17,$9.71,43182350
bankcard,jjameshh,$5.70,$1.27,84353870
jcb,bnguyenhi,$0.27,$6.71,59033441
jcb,rshawhj,$9.50,$6.03,52814723
bankcard,jbishophk,$6.71,$7.45,15421013
jcb,eleehl,$8.13,$0.46,8844261
china-unionpay,kbankshm,$5.71,$9.47,92257276
maestro,dberryhn,$9.44,$1.79,23408447
diners-club-enroute,lwheelerho,$4.64,$2.23,71251261
maestro,creyeshp,$4.73,$9.98,14072590
jcb,jgrayhq,$6.41,$5.74,94320584
jcb,jduncanhr,$1.21,$4.60,52732885
jcb,jcruzhs,$9.36,$3.38,11608070
china-unionpay,amillerht,$0.89,$6.34,27108794
jcb,rmitchellhu,$2.80,$4.95,53970757
jcb,mcolemanhv,$6.79,$8.01,90350882
diners-club-enroute,kwatkinshw,$4.73,$8.96,93665874
jcb,jcarrollhx,$0.40,$7.91,13298155
jcb,vdixonhy,$7.69,$3.82,98843477
jcb,bgriffinhz,$1.54,$3.89,7949714
china-unionpay,hwoodi0,$5.96,$7.27,72547501
maestro,jburtoni1,$2.83,$5.11,11367178
jcb,dhendersoni2,$6.89,$9.91,55415833
bankcard,sfreemani3,$7.37,$4.05,49512989
visa,pberryi4,$7.01,$9.74,41449819
mastercard,bmarshalli5,$2.73,$2.40,82874279
jcb,eshawi6,$0.08,$6.45,64575311
jcb,pbarnesi7,$1.43,$1.22,73395925
jcb,rburtoni8,$0.67,$3.15,9321279
jcb,abakeri9,$0.73,$8.42,72735341
jcb,eharveyia,$1.09,$5.14,2993668
jcb,srileyib,$9.03,$7.08,60815900
jcb,bvasquezic,$4.47,$6.50,39938008
switch,mwelchid,$2.73,$6.93,34608170
jcb,fpattersonie,$7.91,$0.05,38148012
americanexpress,levansif,$3.68,$2.73,11338901
instapayment,lgomezig,$8.72,$8.63,79273274
americanexpress,cbrooksih,$9.88,$3.25,17987951
instapayment,bramosii,$3.67,$1.27,39215038
jcb,dlarsonij,$7.05,$3.12,43722043
china-unionpay,dlongik,$8.85,$8.77,84914657
jcb,krussellil,$3.35,$3.54,56348090
visa,gmorenoim,$3.23,$2.92,71298091
mastercard,agriffinin,$0.44,$0.72,77678901
jcb,bhowellio,$9.46,$1.09,20392028
switch,mreyesip,$9.74,$5.69,43612415
jcb,jgreeneiq,$1.11,$3.94,36367298
americanexpress,vhendersonir,$6.69,$3.77,56838330
jcb,jevansis,$4.14,$2.63,36854089
jcb,rgarzait,$0.70,$9.47,8723829
jcb,amartiniu,$5.86,$6.52,44565345
jcb,creynoldsiv,$9.87,$0.23,76744653
bankcard,cbishopiw,$0.92,$7.15,27010743
laser,pclarkix,$2.50,$6.87,43944905
mastercard,rporteriy,$5.08,$1.45,23165005
visa-electron,afloresiz,$1.77,$7.85,24298308
jcb,kcarpenterj0,$5.59,$2.03,60432812
maestro,eyoungj1,$1.04,$1.14,7550707
jcb,nlanej2,$9.85,$5.30,13596688
jcb,rcollinsj3,$0.21,$3.81,73719213
bankcard,jwillisj4,$9.04,$4.74,44806262
jcb,jmartinezj5,$2.00,$0.24,2599767
jcb,ghamiltonj6,$5.57,$1.38,21652164
diners-club-carte-blanche,wgomezj7,$0.07,$6.92,78353527
jcb,egriffinj8,$8.60,$9.49,44328078
maestro,cperkinsj9,$5.89,$6.92,48993536
jcb,rpattersonja,$7.69,$6.39,79278099
jcb,jallenjb,$9.01,$8.30,68619268
visa-electron,ecampbelljc,$5.53,$1.63,32376986
switch,kburtonjd,$5.48,$9.71,20888779
jcb,smyersje,$9.73,$2.95,26632235
americanexpress,abutlerjf,$3.17,$6.75,22937426
americanexpress,jdanielsjg,$9.27,$1.63,85159641
jcb,rcooperjh,$5.20,$6.72,48681044
jcb,balvarezji,$5.95,$3.04,58984577
americanexpress,dmillerjj,$8.47,$9.43,54125174
laser,lmillsjk,$4.73,$4.12,9429530
switch,vhamiltonjl,$0.24,$6.70,15717340
maestro,aberryjm,$1.61,$5.76,5687177
diners-club-international,rlawsonjn,$6.66,$9.99,37496733
laser,bkennedyjo,$8.96,$1.99,69736760
jcb,msnyderjp,$7.06,$9.84,58462676
diners-club-enroute,bpaynejq,$9.97,$1.48,30372080
mastercard,rpetersjr,$0.21,$1.58,85610186
americanexpress,candersonjs,$8.09,$1.14,23223366
china-unionpay,sphillipsjt,$6.18,$6.42,40777843
jcb,criveraju,$3.48,$7.38,28541142
maestro,blongjv,$1.23,$5.99,82882309
jcb,ahenryjw,$4.10,$6.77,39600110
mastercard,rgutierrezjx,$7.84,$0.62,1588446
jcb,jbishopjy,$5.82,$8.76,54629671
visa-electron,ldavisjz,$7.24,$2.92,55042547
americanexpress,kfreemank0,$1.36,$7.50,97964703
laser,knelsonk1,$2.57,$3.01,82360174
jcb,avasquezk2,$5.63,$6.43,52444749
jcb,sperezk3,$8.20,$8.70,47044512
jcb,cgarzak4,$4.74,$4.10,90441766
jcb,cthomask5,$0.14,$8.49,35398152
jcb,kkimk6,$1.95,$7.15,77749374
jcb,jgeorgek7,$7.38,$1.82,95683890
jcb,wolsonk8,$0.40,$4.48,13913245
maestro,mnguyenk9,$2.35,$6.42,32796701
jcb,lcoxka,$0.34,$6.31,86790166
jcb,egonzalezkb,$6.55,$1.69,64813065
mastercard,sfosterkc,$0.69,$7.17,35449963
jcb,rallenkd,$1.04,$4.63,57986334
visa-electron,pburnske,$6.44,$5.45,60049520
china-unionpay,amoraleskf,$0.53,$3.00,87998082
diners-club-enroute,srobinsonkg,$4.34,$0.10,20093190
jcb,pleekh,$2.12,$8.66,82599859
diners-club-international,thickski,$3.74,$4.85,42456958
visa-electron,kpaynekj,$1.93,$2.73,1925355
china-unionpay,wgonzaleskk,$3.27,$3.84,11103866
solo,jturnerkl,$8.99,$1.54,48842991
jcb,ebaileykm,$0.98,$4.84,5691604
visa,sbennettkn,$4.94,$1.02,57330822
mastercard,hcunninghamko,$2.18,$6.40,18730487
maestro,mmyerskp,$8.12,$0.63,52230522
americanexpress,bcolemankq,$3.97,$8.57,72078442
jcb,smorenokr,$8.74,$9.50,32028218
jcb,cburtonks,$1.90,$0.11,95266074
jcb,ascottkt,$7.45,$1.78,84549065
mastercard,mgrahamku,$5.92,$5.22,24622741
americanexpress,rwilsonkv,$5.89,$1.54,84855387
switch,tgraykw,$0.53,$9.88,1908761
bankcard,parnoldkx,$7.16,$5.93,40983001
mastercard,afernandezky,$3.46,$0.35,93126050
jcb,rreidkz,$5.70,$0.44,89905740
americanexpress,rspencerl0,$8.02,$3.32,9138417
visa-electron,afosterl1,$2.66,$5.88,24645404
mastercard,dfordl2,$5.52,$0.47,99376271
visa-electron,rmoorel3,$8.88,$9.72,28496770
mastercard,smorganl4,$4.97,$8.55,44723132
jcb,bnelsonl5,$0.00,$2.55,1954279
jcb,aknightl6,$7.72,$4.15,24729340
mastercard,llawsonl7,$3.63,$5.89,8690886
maestro,bhayesl8,$0.63,$8.88,79512369
jcb,mwebbl9,$0.28,$3.49,78213929
jcb,jkelleyla,$1.71,$7.33,61237272
diners-club-carte-blanche,hlonglb,$3.70,$0.74,48998957
americanexpress,ctaylorlc,$8.00,$1.89,65414764
visa-electron,fgilbertld,$8.78,$8.40,97435495
jcb,kgeorgele,$0.09,$7.57,64420322
china-unionpay,amurraylf,$1.69,$9.63,7577944
visa-electron,lhunterlg,$5.73,$5.41,72915568
bankcard,jowenslh,$2.34,$8.88,65595167
switch,klewisli,$8.03,$2.03,24543035
jcb,lbennettlj,$9.32,$2.68,64872264
jcb,srobertsonlk,$6.86,$3.20,5784001
bankcard,bcampbellll,$2.16,$4.07,54530725
maestro,rfranklinlm,$7.23,$7.75,47753415
bankcard,gmoralesln,$5.91,$7.67,2672472
jcb,athompsonlo,$0.95,$7.86,67551401
switch,trileylp,$5.77,$6.84,65840775
jcb,jkennedylq,$7.06,$1.60,96642957
mastercard,ghunterlr,$3.95,$7.86,22896081
americanexpress,thernandezls,$9.73,$9.59,5630585
jcb,ifranklinlt,$4.86,$5.48,19241129
mastercard,mshawlu,$0.35,$3.22,90109171
jcb,fperrylv,$9.75,$7.65,8405662
jcb,rkennedylw,$3.96,$0.78,1381481
jcb,cwallacelx,$4.10,$8.10,29430902
americanexpress,chamiltonly,$0.00,$2.51,77248763
maestro,cporterlz,$7.37,$5.15,60279821
diners-club-carte-blanche,epattersonm0,$6.77,$4.28,4935225
jcb,msnyderm1,$6.79,$1.68,42358622
mastercard,nrichardsonm2,$4.66,$8.77,6519759
jcb,ccampbellm3,$4.74,$8.95,38366233
maestro,dwardm4,$6.30,$9.33,26650411
diners-club-enroute,blanem5,$0.01,$7.61,53681596
jcb,kfullerm6,$4.56,$4.06,7762271
laser,jmendozam7,$3.28,$6.17,35701055
maestro,jpricem8,$0.44,$6.02,23028323
jcb,dhenrym9,$6.68,$4.88,26097850
visa,sbennettma,$2.54,$5.72,89080194
jcb,aperkinsmb,$5.54,$3.77,87397477
maestro,smccoymc,$5.11,$1.92,61658914
diners-club-enroute,rfowlermd,$6.18,$4.21,82112394
diners-club-carte-blanche,jharrisonme,$3.09,$4.70,35494326
bankcard,wstevensmf,$3.26,$2.16,95877375
visa,jandersonmg,$7.29,$2.36,33232431
maestro,ahernandezmh,$1.85,$6.56,3132545
visa-electron,dmasonmi,$5.69,$3.41,98756603
jcb,kburnsmj,$8.28,$4.52,86829546
jcb,sallenmk,$8.55,$6.47,79486826
mastercard,jcarrml,$8.25,$8.82,9259448
bankcard,mricemm,$9.54,$9.53,94073510
jcb,rduncanmn,$9.28,$1.85,11737808
diners-club-enroute,mlarsonmo,$4.99,$1.44,27894532
jcb,cnelsonmp,$8.66,$2.55,21059720
americanexpress,kscottmq,$4.18,$5.90,45709814
switch,cgilbertmr,$8.47,$3.65,57651008
solo,hharperms,$4.48,$5.57,67575828
americanexpress,jfullermt,$1.66,$9.26,47788096
diners-club-us-ca,jbennettmu,$4.15,$5.64,91932007
jcb,jjacobsmv,$5.70,$2.76,4037827
switch,ejohnsonmw,$8.66,$5.50,70878536
china-unionpay,ereidmx,$3.36,$6.60,43228338
china-unionpay,hcollinsmy,$8.24,$0.94,82766766
maestro,lfreemanmz,$3.89,$0.62,39874209
diners-club-carte-blanche,athomasn0,$0.55,$2.20,40961755
mastercard,bburtonn1,$4.97,$8.19,47418851
jcb,akennedyn2,$1.10,$1.87,38310607
jcb,jrogersn3,$9.20,$3.55,94836139
jcb,golivern4,$2.95,$9.55,24297243
jcb,kmillern5,$7.16,$2.36,60414789
jcb,hlawrencen6,$1.05,$9.13,85769277
diners-club-carte-blanche,rfieldsn7,$1.85,$2.77,82722314
jcb,darmstrongn8,$4.79,$0.24,78208568
visa-electron,ahilln9,$6.67,$4.62,62689724
jcb,swheelerna,$5.01,$3.54,15083268
jcb,kmartineznb,$7.57,$6.11,96337398
maestro,jarmstrongnc,$0.89,$4.96,84252327
visa-electron,hwalkernd,$8.99,$0.61,39336600
jcb,ssimmonsne,$6.27,$6.47,80425724
jcb,sleenf,$1.93,$1.76,79978771
jcb,elongng,$1.97,$2.56,28406249
jcb,jburtonnh,$7.51,$6.51,30016820
switch,flewisni,$7.52,$2.05,49794234
jcb,klittlenj,$1.98,$7.76,73113555
mastercard,scastillonk,$3.33,$6.73,4010326
jcb,ddunnnl,$7.44,$0.79,81363732
jcb,crobinsonnm,$4.07,$5.58,53539313
mastercard,sblacknn,$0.26,$1.97,57817406
visa-electron,awellsno,$2.63,$2.69,72867872
jcb,hpetersnp,$3.49,$7.39,30668584
jcb,molivernq,$5.96,$4.82,28504981
jcb,sharrisnr,$3.73,$7.82,36365052
jcb,skimns,$7.21,$0.38,42926123
maestro,jdanielsnt,$5.91,$8.80,39125134
switch,jwatkinsnu,$0.98,$7.99,64894534
mastercard,apaynenv,$2.10,$2.18,57729423
diners-club-enroute,ecunninghamnw,$8.65,$9.15,80691851
jcb,cfullernx,$3.38,$8.84,69360982
jcb,vgrayny,$2.41,$1.42,2970025
switch,cgordonnz,$1.57,$0.87,19364814
jcb,hdiazo0,$3.09,$8.33,65553259
jcb,fmartinezo1,$4.80,$1.28,78283701
mastercard,dcartero2,$2.56,$9.27,67403452
bankcard,dsullivano3,$7.87,$5.32,32139849
diners-club-carte-blanche,dwilliamso4,$6.92,$8.29,25204006
jcb,rmorgano5,$8.28,$6.59,48557317
jcb,sfergusono6,$9.84,$9.52,38017471
jcb,hleeo7,$6.40,$6.60,71704209
diners-club-carte-blanche,sdeano8,$9.21,$0.22,99345896
laser,nwellso9,$8.36,$2.40,15343403
maestro,asullivanoa,$1.06,$3.37,38225185
jcb,dfullerob,$7.13,$9.47,13144091
bankcard,wmorrisoc,$4.19,$7.05,41882156
jcb,croseod,$1.53,$3.63,2771967
jcb,psmithoe,$9.80,$7.89,93326377
jcb,breynoldsof,$3.80,$7.28,81612419
mastercard,bblackog,$6.08,$3.62,7936652
visa,echavezoh,$4.02,$8.40,6848947
diners-club-international,pbakeroi,$0.27,$4.36,35113813
diners-club-enroute,kwheeleroj,$4.54,$0.72,27392714
jcb,kcarrollok,$4.21,$6.92,8809729
maestro,areyesol,$2.30,$8.37,71223060
switch,kmcdonaldom,$8.51,$9.85,58755718
mastercard,rsimpsonon,$9.29,$7.26,3901871
jcb,rramirezoo,$0.77,$2.70,38814608
jcb,cschmidtop,$2.60,$5.28,82805199
jcb,erodriguezoq,$0.59,$7.65,70857456
visa,ccoxor,$1.80,$4.91,28286168
jcb,rschmidtos,$2.73,$0.92,12548464
diners-club-enroute,rsmithot,$8.90,$5.31,80539856
jcb,rmartinou,$1.46,$2.56,95880654
jcb,rbakerov,$9.51,$7.99,9162238
diners-club-carte-blanche,rrobertsonow,$8.11,$7.59,28923794
visa-electron,hwoodsox,$4.88,$1.78,52524069
visa-electron,dhilloy,$7.56,$9.16,23881216
laser,jberryoz,$6.48,$0.71,3979595
mastercard,ebowmanp0,$7.07,$0.97,21225329
jcb,bricep1,$4.61,$9.14,84020722
mastercard,cnguyenp2,$5.83,$0.49,56410192
switch,sleep3,$9.73,$9.47,81466237
mastercard,nwelchp4,$4.97,$8.35,52695832
switch,dkellyp5,$1.62,$4.54,11763630
diners-club-enroute,pschmidtp6,$8.00,$3.80,94290621
jcb,jevansp7,$5.83,$8.23,61537185
jcb,acarterp8,$6.57,$2.80,32927348
diners-club-us-ca,ggriffinp9,$2.90,$7.63,51092603
jcb,pmarshallpa,$4.40,$1.26,27993840
instapayment,ghowellpb,$0.78,$1.04,28443642
maestro,dlopezpc,$6.85,$2.19,86865554
jcb,dgonzalespd,$2.23,$1.85,55303898
jcb,rhughespe,$7.72,$7.59,90533762
diners-club-carte-blanche,hramospf,$0.89,$0.29,53150069
jcb,jgarciapg,$2.30,$6.97,68154196
switch,rwheelerph,$3.01,$1.05,67244283
jcb,jsullivanpi,$3.92,$4.84,12546950
jcb,jarnoldpj,$9.01,$0.90,4591759
diners-club-enroute,kfullerpk,$0.55,$2.47,16064791
bankcard,pleepl,$2.50,$9.09,56300228
solo,awilliamspm,$8.72,$6.84,14557045
jcb,rduncanpn,$7.71,$5.15,94146935
jcb,jyoungpo,$1.64,$0.53,88076385
mastercard,rpalmerpp,$1.88,$2.14,18379935
jcb,jgarrettpq,$10.00,$4.95,23551016
jcb,jhallpr,$6.03,$1.55,80030889
maestro,mmurphyps,$7.26,$8.84,18904743
jcb,bkennedypt,$2.66,$1.80,27513592
china-unionpay,pwallacepu,$5.11,$9.93,75085777
diners-club-carte-blanche,astephenspv,$7.59,$1.01,38578757
americanexpress,dricepw,$7.51,$2.78,41120705
jcb,hbishoppx,$3.49,$7.60,66246786
jcb,aadamspy,$0.11,$8.12,4122190
jcb,twardpz,$7.04,$5.25,9807059
jcb,adavisq0,$0.25,$3.12,4626762
jcb,lfieldsq1,$9.94,$9.19,38367586
mastercard,kellisq2,$1.33,$9.84,94419165
visa-electron,aevansq3,$3.62,$8.53,27359327
diners-club-carte-blanche,aleeq4,$9.92,$9.21,72775271
switch,dharperq5,$1.52,$4.83,54161705
switch,lreyesq6,$9.84,$6.05,98696218
china-unionpay,bstevensq7,$8.31,$4.95,53720704
jcb,bcastilloq8,$9.30,$4.12,60745193
diners-club-enroute,eoliverq9,$5.77,$2.17,84433827
instapayment,tbradleyqa,$1.56,$8.56,39771682
jcb,jcarpenterqb,$8.40,$0.29,29232700
jcb,mwilliamsonqc,$2.49,$7.98,79719450
jcb,mallenqd,$3.20,$7.44,19295953
switch,amccoyqe,$2.97,$5.85,93018854
mastercard,jgrahamqf,$0.82,$2.98,76885750
jcb,pspencerqg,$6.30,$6.22,86187432
americanexpress,jandersonqh,$8.89,$4.05,94126076
jcb,ecookqi,$2.75,$6.27,90914033
jcb,talexanderqj,$6.98,$6.50,66035631
bankcard,efordqk,$7.86,$9.99,75587955
jcb,ddavisql,$7.21,$6.56,4378329
instapayment,kdunnqm,$3.26,$4.52,56946128
jcb,mhenryqn,$2.95,$2.69,84032329
diners-club-enroute,priveraqo,$3.55,$5.99,52965957
visa,bmillsqp,$6.17,$0.93,20013068
diners-club-enroute,hcarterqq,$8.67,$6.08,33985898
jcb,erussellqr,$1.80,$3.65,639901
china-unionpay,belliottqs,$8.83,$0.37,85260756
switch,mdayqt,$9.22,$5.64,33102730
jcb,amatthewsqu,$3.04,$3.46,84727236
jcb,lwestqv,$2.32,$1.55,27254689
jcb,dryanqw,$4.70,$6.46,25522549
china-unionpay,sspencerqx,$0.62,$8.69,22807396
china-unionpay,bgarciaqy,$9.43,$2.54,21848889
maestro,lcruzqz,$1.89,$2.41,31866151
laser,kperkinsr0,$5.15,$7.11,58109284
jcb,rbarnesr1,$1.41,$8.01,98193760
mastercard,jreedr2,$2.37,$2.65,32114512
diners-club-us-ca,dberryr3,$5.69,$8.83,88422932
americanexpress,prossr4,$1.89,$0.24,48979177
jcb,aschmidtr5,$1.25,$2.27,51376583
laser,jhudsonr6,$2.21,$3.27,21057274
jcb,dcarrr7,$2.50,$0.83,24735013
americanexpress,lmorrisr8,$1.58,$6.15,18755012
solo,mmarshallr9,$1.40,$3.95,29580843
diners-club-enroute,ssandersra,$0.04,$6.76,44020320
jcb,mnguyenrb,$2.24,$3.42,1047577
diners-club-carte-blanche,jfoxrc,$7.81,$4.83,50591634
diners-club-enroute,rsimpsonrd,$6.00,$4.99,19198534
visa-electron,ksmithre,$1.46,$9.52,45979998
visa-electron,rhernandezrf,$8.33,$7.36,15790126
jcb,pdiazrg,$7.47,$2.36,23591057
jcb,jkelleyrh,$9.05,$3.79,56517880
switch,jriceri,$8.16,$4.14,13493504
jcb,grossrj,$0.19,$6.66,8490881
bankcard,ccoxrk,$1.86,$2.62,26569528
jcb,vramirezrl,$0.80,$6.69,40659779
china-unionpay,redwardsrm,$2.45,$3.90,96371702
bankcard,ejacobsrn,$7.92,$9.21,56915189
diners-club-enroute,fwestro,$7.85,$2.88,72982604
bankcard,skimrp,$4.95,$6.03,53110603
jcb,shernandezrq,$8.91,$1.99,23429825
jcb,bbennettrr,$2.79,$3.58,44424360
